2MASS J19383260+4603591,406,,0.33
47 UMa,1078,2.1,0.032
47 UMa,2391,3.6,0.098
47 UMa,14002,11.6,0.16
55 Cnc,14.6516,0.1134,0
55 Cnc,44.3989,0.2373,0.03
55 Cnc,5574.2,5.957,0.13
55 Cnc,0.7365474,0.01544,0.05
55 Cnc,259.88,0.7708,0.08
61 Vir,4.215,0.050201,0.12
61 Vir,38.021,0.2175,0.14
61 Vir,123.01,0.476,0.35
AU Mic,8.4629991,0.0645,0.186
AU Mic,18.858991,0.1101,
AU Mic,12.73596,,0.00305
CoRoT-7,0.85359163,,0
CoRoT-7,3.698,0.046,0
CoRoT-7,8.966,,
DMPP-1,18.57,0.1462,0.083
DMPP-1,6.584,0.0733,0.057
DMPP-1,2.882,0.0422,0.07
DMPP-1,5.516,0.0651,0.07
K2-16,2.71578,,
EPIC 206024342,4.50756,,
EPIC 206024342,0.911724,,
EPIC 206024342,14.647531,,
EPIC 249893012,3.5951,0.047,0.06
EPIC 249893012,15.624,0.13,0.07
EPIC 249893012,35.747,0.22,0.15
GJ 1061,3.204,0.021,0.31
GJ 1061,6.689,0.035,0.29
GJ 1061,13.031,0.054,0.53
GJ 163,8.63182,0.0607,0.073
GJ 163,25.63058,0.1254,0.099
GJ 163,603.95116,1.0304,0.373
GJ 180,17.133,0.092,0.07
GJ 180,24.329,0.129,0.09
GJ 180,106.3,0.309,0.14
GJ 3138,1.22003,0.0197,0.19
GJ 3138,5.974,0.057,0.11
GJ 3138,257.8,0.698,0.32
GJ 3293,30.5987,0.14339,0.06
GJ 3293,122.6196,0.36175,0.11
GJ 3293,48.1345,0.19394,0.12
GJ 3293,13.2543,0.08208,0.21
GJ 357,3.9306,0.036,
GJ 357,9.1247,0.061,
GJ 357,55.661,0.204,
GJ 367,0.3219225,0.00709,0.06
GJ 367,11.5301,,0.09
GJ 367,34.369,,0.14
GJ 433,7.3705,0.062,0.04
GJ 433,5094.105,4.819,0.12
GJ 433,36.059,0.178,0.07
GJ 581,5.3686,0.04061,0
GJ 581,12.914,0.0721,0
GJ 581,3.149,0.02815,0
GJ 667 C,7.203,,0.2
GJ 667 C,28.14,0.125,0.02
GJ 667 C,62.24,0.213,0.02
GJ 667 C,39.026,0.156,0.03
GJ 667 C,256.2,0.549,0.08
GJ 676 A,1051.44521,1.735,0.319
GJ 676 A,13921.42302,9.726,0.295
GJ 676 A,3.60076,0.039,0.192
GJ 676 A,35.47358,0.181,0.152
GJ 876,61.1166,0.208317,0.0324
GJ 876,30.0881,0.12959,0.25591
GJ 876,1.93778,0.020807,0.207
GJ 876,124.26,0.3343,0.055
GJ 9827,1.2089819,0.0188,0.063
GJ 9827,3.648096,0.03925,0.094
GJ 9827,6.20147,0.0559,0.13
HD 10180,5.75969,0.06412,0.073
HD 10180,16.357,0.12859,0.131
HD 10180,49.748,0.2699,0.051
HD 10180,122.744,0.4929,0.119
HD 10180,604.67,1.427,0.263
HD 10180,2205,3.381,0.095
HD 108236,3.795963,0.04527,0.045
HD 108236,6.203449,0.062,0.034
HD 108236,14.175685,0.1074,0.055
HD 108236,19.590025,0.1367,0.058
HD 108236,29.54115,0.1758,0.051
HD 110067,9.113678,0.0793,
HD 110067,13.673694,0.1039,
HD 110067,20.519617,0.1362,
HD 110067,30.793091,0.1785,
HD 110067,41.05854,0.2163,
HD 110067,54.76992,0.2621,
HD 11506,1613.74017,2.8,0.391
HD 11506,223.95986,0.75,0.233
HD 11506,14723.57452,12.235,0.061
HD 125612,557.69994,1.349,0.446
HD 125612,4.15466,0.051,0.149
HD 125612,2822.72698,3.982,0.115
HD 133131 A,649,1.44,0.33
HD 133131 A,3568,4.49,0.49
HD 133131 B,5769,6.15,0.61
HD 136352,11.57797,0.0964,0
HD 136352,27.59221,0.1721,0
HD 136352,107.245,0.425,0
HD 141399,94.44,0.415,0.04
HD 141399,201.99,0.689,0.048
HD 141399,1069.8,2.09,0.074
HD 141399,5000,5,0.26
HD 142,108.45299,0.474,0.13
HD 142,351.43394,1.039,0.158
HD 142,10159.64279,9.811,0.277
HD 153557,7.29903,0.068,0.065
HD 153557,15.27018,0.111,0.511
HD 153557,40654.64809,21.449,0.152
HD 158259,2.178,,
HD 158259,3.432,,
HD 158259,5.1980814,,
HD 158259,7.951,,
HD 158259,12.028,,
HD 160691,645,,
HD 160691,3947,,
HD 160691,9.6392,,
HD 160691,307.9,,
HD 164922,1207,2.16,0.08
HD 164922,75.74,0.341,0.12
HD 164922,12.458,0.103,0.12
HD 164922,41.763,0.2292,0.086
HD 181433,9.3743,0.08,0.4
HD 181433,962,1.76,0.28
HD 181433,2172,3,0.48
HD 184010,286.6,0.94,0
HD 184010,484.3,1.334,0
HD 184010,836.4,1.92,0
HD 191939,8.8803256,0.0804,0.031
HD 191939,28.579743,0.1752,0.034
HD 191939,38.353037,0.2132,0.031
HD 191939,101.12,0.407,0.031
HD 191939,2200,3.2,
HD 191939,284,0.812,0.03
HD 204313,2041.11539,3.185,0.1
HD 204313,34.95875,0.211,0.059
HD 204313,7325.64666,7.457,0.253
HD 20781,5.3135,0.0529,0.1
HD 20781,13.8905,0.1004,0.09
HD 20781,29.158,0.1647,0.11
HD 20781,85.5073,0.3374,0.06
HD 20782,597.0643,1.3649,0.95
HD 20794,18.315,0.1207,0
HD 20794,40.114,0.2036,0
HD 20794,90.309,0.3499,0
HD 20794,147.02,0.509,0.29
HD 215152,5.75999,0.057638,0
HD 215152,7.28243,0.067393,0
HD 215152,10.86499,0.08799,0
HD 215152,25.1967,0.15417,0
HD 219134,3.092926,0.03876,0
HD 219134,6.76458,0.0653,0.062
HD 219134,46.859,0.237,0.138
HD 219134,22.717,0.1463,0.148
HD 219134,94.2,0.3753,0
HD 219134,2247,3.11,0.06
HD 22946,47.42489,0.2958,
HD 23472,17.667087,0.1162,0.072
HD 23472,29.79749,0.1646,0.063
HD 23472,3.97664,0.04298,0.07
HD 23472,7.90754,0.068,0.07
HD 23472,12.1621839,0.0906,0.07
HD 27894,18.01939,0.125,0.047
HD 27894,36.07,0.198,0.015
HD 27894,5019.54244,5.362,0.343
HD 28109,22.89104,0.1357,0.3307
HD 28109,56.00819,0.308,0.1203
HD 28109,84.25999,0.411,0.0864
HD 31527,16.5535,0.1254,0.1
HD 31527,51.2053,0.2663,0.04
HD 31527,271.6737,0.8098,0.24
HD 3167,0.959641,0.01796,0
HD 3167,29.8454,0.1776,0.06
HD 3167,8.4112,0.0763,0.12
HD 3167,96.63,0.3885,0.15
HD 33142,330,1.074,0.049
HD 33142,810.2,1.955,0.081
HD 33142,89.9,0.452,0.191
HD 34445,1049,2.07,0.27
HD 34445,214.67,0.7181,0.036
HD 34445,117.87,0.4817,0.027
HD 34445,49.175,0.2687,0.09
HD 34445,676.8,1.543,0.031
HD 34445,5700,6.36,0.032
HD 37124,154.378,0.53364,0.054
HD 37124,885.5,1.71,0.125
HD 37124,1862,2.807,0.16
HD 39091,2088.75851,3.311,0.642
HD 39194,5.6368,0.056,0.207
HD 39194,14.03,0.103,0.154
HD 39194,33.91,0.185,0.333
HD 40307,4.3123,0.0468,0.2
HD 40307,9.6184,0.0799,0.06
HD 40307,20.432,0.1321,0.07
HD 40307,51.76,0.247,0.02
HD 40307,197.8,0.6,0.29
HD 63433,7.1079379,0.0714,0.24
HD 63433,20.543791,0.1448,0.21
HD 63433,4.209075,0.0503,0.16
HD 69830,8.667,0.0785,0.1
HD 69830,31.56,0.186,0.13
HD 69830,197,0.63,0.07
HD 7924,5.39792,0.06,0.06
HD 7924,15.299,0.1134,0.098
HD 7924,24.451,0.1551,0.21
HD 93385,7.3426,0.0756,0.295
HD 93385,13.18,0.112,0.2
HD 93385,45.85,0.2565,0.09
HD 96700,8.1245,0.0777,0.138
HD 96700,19.88,0.141,0.293
HD 96700,103.5,0.424,0.27
HIP 14810,6.673892,0.0696,0.14399
HIP 14810,147.747,0.549,0.1566
HIP 14810,981.8,1.94,0.185
HIP 29442,13.63083,0.107,
HIP 29442,3.53796,0.0436,
HIP 29442,6.42975,0.0649,
HIP 41378,15.572098,,
HIP 41378,31.70648,,
HIP 41378,1114,,
HIP 41378,,,
HIP 41378,1084,,
HIP 57274,8.1352,0.07,0.19
HIP 57274,32.03,0.178,0.05
HIP 57274,431.7,1.01,0.27
HR 858,3.58599,0.048,0.3
HR 858,5.97293,0.0674,0.19
HR 858,11.23,0.1027,0.28
HR 8799,170000,68,
HR 8799,69000,38,
HR 8799,37000,24,
HR 8799,,16.4,0.15
K2-133,3.07133,0.03194,
K2-133,4.86784,0.04341,
K2-133,11.02454,0.07487,
K2-133,26.5841,0.1346,
K2-136,7.9752,0.0707,0.14
K2-136,17.30713,0.1185,0.047
K2-136,25.575,0.1538,0.071
K2-138,2.35309,0.03385,0.048
K2-138,3.56004,0.04461,0.045
K2-138,5.40479,0.05893,0.043
K2-138,8.26146,0.0782,0.077
K2-138,12.75758,0.10447,0.062
K2-138,41.96797,0.23109,0.059
K2-148,4.38395,0.0454,
K2-148,6.9226,0.0616,
K2-148,9.7579,0.0774,
K2-155,6.342,0.0562,
K2-155,13.85,0.0946,
K2-155,40.718,0.1937,
K2-16,7.6188,0.0667,
K2-16,19.07863,0.1229,
K2-165,2.354992,,
K2-165,4.382745,,
K2-165,14.101361,,
K2-183,0.469285,,
K2-183,10.787992,,
K2-183,22.620344,,
K2-187,0.77401,,
K2-187,2.871512,,
K2-187,7.149584,,
K2-187,13.606629,,
K2-19,7.9222,,0.2
K2-19,11.8993,,0.21
K2-19,2.5081,,
K2-198,17.0428683,,
K2-198,3.3596055,,
K2-198,7.4500177,,
K2-219,3.901287,,
K2-219,6.66767,,
K2-219,11.137278,,
K2-233,2.4675,0.03308,0.079
K2-233,7.06005,0.06666,0.2002
K2-233,24.3645,0.15224,0.1999
K2-239,5.24,0.0441,
K2-239,7.775,0.0576,
K2-239,10.115,0.0685,
K2-266,0.658524,0.01306,
K2-266,7.814,0.0679,0.042
K2-266,14.697,0.1035,0.047
K2-266,19.482,0.1249,0.043
K2-268,2.151676,,
K2-268,9.327527,,
K2-268,4.528598,,
K2-268,6.131243,,
K2-268,26.27057,,
K2-285,3.471745,0.03817,0
K2-285,7.138048,0.0824,0
K2-285,10.45582,0.1178,0
K2-285,14.76289,0.18041,0
K2-3,10.0546535,0.0747,0.107
K2-3,24.646729,0.1357,0.048
K2-3,44.55603,0.2014,0.091
K2-32,8.992,0.0795,0.03
K2-32,20.66093,0.13843,0.049
K2-32,31.71701,0.18422,0.05
K2-32,4.34934,0.04899,0.043
K2-352,3.665912,,
K2-352,8.234885,,
K2-352,14.871387,,
K2-368,5.025598,,
K2-368,9.660186,,
K2-368,20.201085,,
K2-37,4.44117,0.0511,
K2-37,6.42904,0.0654,
K2-37,14.09189,0.1103,
K2-381,7.9389334,,
K2-381,16.034656,,
K2-381,26.803023,,
K2-384,2.231527,,
K2-384,4.194766,,
K2-384,6.679582,,
K2-384,9.715043,,
K2-384,13.62749,,
K2-58,7.05254,0.0692,
K2-58,2.53726,0.035,
K2-58,22.8827,0.1517,
K2-72,5.577212,0.04,0.11
K2-72,15.189034,0.078,0.11
K2-72,7.760178,0.05,0.11
K2-72,24.158868,0.106,0.11
K2-80,19.0918,0.135,
K2-80,5.605,0.0596,
K2-80,28.867253,,
KIC 10001893,0.2197,,
KIC 10001893,0.32528,,
KIC 10001893,0.81161,,
KOI-7892,31.8099,,
KOI-7892,75.2,,
KOI-142,10.91647,,0.05561
KOI-142,22.26492,,0.05724
Kepler-324,34.169,,
Kepler-968,7.685,,
KOI-351,7.008151,0.074,
KOI-351,8.719375,0.089,
KOI-351,59.73667,0.32,
KOI-351,91.93913,0.42,
KOI-351,124.9144,0.48,
KOI-351,210.60697,0.71,
KOI-351,331.60059,1.01,
KOI-94,3.743208,0.05119,0.25
KOI-94,10.423648,0.1013,0.43
KOI-94,22.342989,0.1684,0.022
KOI-94,54.32031,0.3046,0.019
Kepler-10,0.8374907,0.01685,0
Kepler-10,45.294301,0.241,0.13
Kepler-10,151.04,0.5379,0.26
Kepler-100,6.88705,,
Kepler-100,12.8159,,
Kepler-100,35.3331,,
Kepler-102,5.286965,0.05521,0.1
Kepler-102,7.071392,0.06702,0.094
Kepler-102,10.311767,0.08618,0.092
Kepler-102,16.1456994,0.1162,0.089
Kepler-102,27.453592,0.1656,0.1
Kepler-104,11.427548,0.094,
Kepler-104,23.668205,0.153,
Kepler-104,51.755394,0.257,
Kepler-106,6.16486,,
Kepler-106,13.5708,,
Kepler-106,23.9802,,
Kepler-106,43.8445,,
Kepler-107,3.1800218,0.04544,0.1
Kepler-107,4.901452,0.06064,0.08
Kepler-107,7.95839,0.08377,0.11
Kepler-107,14.749143,0.12638,0.1
Kepler-1073,8.67888593,,
Kepler-1073,4.02582254,,
Kepler-1073,2.50476003,,
Kepler-11,10.3039,0.091,0.045
Kepler-11,13.0241,0.107,0.026
Kepler-11,22.6845,0.155,0.004
Kepler-11,31.9996,0.195,0.012
Kepler-11,46.6888,0.25,0.013
Kepler-11,118.3807,0.466,0.15
Kepler-1130,5.45298175,,
Kepler-1130,3.26663995,,
Kepler-1130,4.27225017,,
Kepler-114,5.188549,0.053,
Kepler-114,8.041,,
Kepler-114,11.776,,
Kepler-122,5.766193,0.064,
Kepler-122,12.465988,0.108,
Kepler-122,21.587475,0.155,
Kepler-122,37.993273,0.227,
Kepler-122,56.268,,
Kepler-124,3.410493,0.039,
Kepler-124,13.821375,0.1,
Kepler-124,30.950851,0.17,
Kepler-1254,9.99113313,,
Kepler-1254,3.60084276,,
Kepler-1254,5.72717226,,
Kepler-126,10.495711,0.099,
Kepler-126,21.869741,0.162,
Kepler-126,100.283134,0.448,
Kepler-127,14.435889,0.125,
Kepler-127,29.393195,0.2,
Kepler-127,48.630408,0.28,
Kepler-129,15.79,0.13,
Kepler-129,82.2,0.39,
Kepler-129,2646,4,0.15
Kepler-130,8.457458,0.079,
Kepler-130,27.50868,0.178,0
Kepler-130,87.517905,0.377,
Kepler-1311,11.1726994,,
Kepler-1311,2.53573424,,
Kepler-1311,197.5110016,,
Kepler-132,6.178196,0.067,
Kepler-132,6.414914,0.068,
Kepler-132,18.010199,0.136,
Kepler-132,110.2869374,,
Kepler-1321,11.12830484,,
Kepler-1321,2.22649109,,
Kepler-1321,5.72092009,,
Kepler-138,10.3134,0.0753,0.02
Kepler-138,13.7815,0.0913,0.017
Kepler-138,23.0923,0.1288,0.01
Kepler-138,38.23,0.1803,0.112
Kepler-1388,12.2854603,,
Kepler-1388,5.53608151,,
Kepler-1388,20.9568158,,
Kepler-1388,37.6327084,,
Kepler-142,2.024152,0.032,
Kepler-142,4.761702,0.057,
Kepler-142,41.809118,0.242,
Kepler-1468,8.23984869,,
Kepler-1468,3.54553021,,
Kepler-1468,19.59059906,,
Kepler-148,1.729366,0.028,
Kepler-148,4.180043,0.05,
Kepler-148,51.84688575,,
Kepler-149,29.198943,0.184,
Kepler-149,55.328328,0.281,
Kepler-149,160.018032,0.571,
Kepler-150,3.428054,0.044,
Kepler-150,7.381998,0.073,
Kepler-150,12.56093,0.104,
Kepler-150,30.826557,0.189,
Kepler-150,637.2093,1.24,
Kepler-1530,2.5904434,,
Kepler-1530,5.3227406,,
Kepler-1530,9.20761013,,
Kepler-154,33.040532,0.198,
Kepler-154,62.303276,0.303,
Kepler-154,20.54981883,,
Kepler-154,3.93276465,,
Kepler-154,9.91935684,,
Kepler-1542,3.95116882,,
Kepler-1542,2.89223021,,
Kepler-1542,5.99273738,,
Kepler-1542,5.10115756,,
Kepler-157,1.732342,0.028,
Kepler-157,13.5405,0.11,
Kepler-157,7.02573474,,
Kepler-160,4.309397,0.05511,
Kepler-160,13.699429,0.1192,
Kepler-160,30,0.17,
Kepler-164,5.03503,0.058,
Kepler-164,10.945723,0.097,
Kepler-164,28.986769,0.187,
Kepler-166,7.650254,0.072,
Kepler-166,34.260281,0.195,
Kepler-166,1.55400393,,
Kepler-1669,9.51216,,
Kepler-1669,1.60932005,,
Kepler-167,4.3931539,0.04825,0
Kepler-167,7.406106,0.0684,0
Kepler-167,21.80379,0.1404,0
Kepler-167,1071.23205,1.883,0.29
Kepler-169,3.250619,0.04,
Kepler-169,6.195469,0.062,
Kepler-169,8.348125,0.075,
Kepler-169,13.767102,0.105,
Kepler-169,87.090195,0.359,
Kepler-171,4.166972,0.05,
Kepler-171,11.463462,0.098,
Kepler-171,39.595519,0.223,
Kepler-172,2.940309,0.04,
Kepler-172,6.388996,0.068,
Kepler-172,14.627119,0.118,
Kepler-172,35.118736,0.211,
Kepler-174,13.98179,0.1,
Kepler-174,44.000529,0.214,
Kepler-174,247.35373,0.677,
Kepler-176,5.433074,0.058,
Kepler-176,12.759712,0.102,
Kepler-176,25.751974,0.163,
Kepler-176,51.16579,,
Kepler-178,9.576694,0.085,
Kepler-178,20.552802,0.142,
Kepler-178,96.678988,0.397,
Kepler-18,3.504725,0.0447,0
Kepler-18,7.64159,0.0752,0
Kepler-18,14.85888,0.1172,0
Kepler-184,10.687576,0.092,
Kepler-184,20.303005,0.141,
Kepler-184,29.022358,0.179,
Kepler-186,3.8867907,0.0343,
Kepler-186,7.267302,0.0451,
Kepler-186,13.342996,0.0781,
Kepler-186,22.407704,0.11,
Kepler-186,129.9441,0.432,0.04
Kepler-19,9.28699,0.0846,0.41
Kepler-19,28.731,,0.21
Kepler-19,62.95,,0.05
Kepler-191,9.939632,0.087,
Kepler-191,17.738506,0.128,
Kepler-191,5.94504102,,
Kepler-192,9.926746,0.09,
Kepler-192,21.2234,0.15,
Kepler-192,6.47027579,,
Kepler-194,2.092281,0.032,
Kepler-194,17.308032,0.131,
Kepler-194,52.814973,0.275,
Kepler-196,20.739886,0.138,
Kepler-196,47.427737,0.24,
Kepler-196,122.0800018,,
Kepler-197,5.599308,0.06,
Kepler-197,10.349695,0.09,
Kepler-197,15.677563,0.119,
Kepler-197,25.209715,0.164,
Kepler-198,17.790037,0.131,
Kepler-198,49.567416,0.259,
Kepler-198,1.31184443,,
Kepler-20,3.6961049,0.04565,0.083
Kepler-20,10.8540774,0.0936,0.076
Kepler-20,77.611455,0.3474,0.082
Kepler-20,6.0984882,0.0637,0.092
Kepler-20,19.578328,0.1387,0.094
Kepler-20,34.94,0.2055,0.15
Kepler-203,3.162697,0.043,
Kepler-203,5.370647,0.061,
Kepler-203,11.32972,0.1,
Kepler-206,7.781987,0.078,
Kepler-206,13.137471,0.111,
Kepler-206,23.44281,0.163,
Kepler-207,1.611865,0.029,
Kepler-207,3.071571,0.044,
Kepler-207,5.868075,0.068,
Kepler-208,4.22864,0.054,
Kepler-208,7.466623,0.079,
Kepler-208,11.131786,0.103,
Kepler-208,16.259458,0.132,
Kepler-215,9.360672,0.084,
Kepler-215,14.667108,0.113,
Kepler-215,30.864423,0.185,
Kepler-215,68.16101,0.314,
Kepler-217,5.374943,0.065,
Kepler-217,8.586004,0.089,
Kepler-217,3.88689525,,
Kepler-218,3.619337,0.046,
Kepler-218,44.699576,0.248,
Kepler-218,124.5244647,,
Kepler-219,4.585512,0.057,
Kepler-219,22.714613,0.165,
Kepler-219,47.903645,0.272,
Kepler-220,4.159807,0.046,
Kepler-220,9.034199,0.076,
Kepler-220,28.122397,0.163,
Kepler-220,45.902733,0.226,
Kepler-221,2.795906,0.037,
Kepler-221,5.690586,0.059,
Kepler-221,10.04156,0.087,
Kepler-221,18.369917,0.13,
Kepler-222,3.936981,0.048,
Kepler-222,10.08881,0.091,
Kepler-222,28.081912,0.18,
Kepler-223,7.38449,,0.078
Kepler-223,9.84564,,0.15
Kepler-223,14.78869,,0.037
Kepler-223,19.72567,,0.051
Kepler-224,3.132924,0.038,
Kepler-224,5.925003,0.058,
Kepler-224,11.349393,0.089,
Kepler-224,18.643577,0.124,
Kepler-226,3.940997,0.047,
Kepler-226,5.349555,0.058,
Kepler-226,8.109044,0.076,
Kepler-228,2.566546,0.038,
Kepler-228,4.134444,0.052,
Kepler-228,11.094286,0.101,
Kepler-229,6.252972,0.062,
Kepler-229,16.068638,0.117,
Kepler-229,41.194912,0.22,
Kepler-23,7.1073,0.075,
Kepler-23,10.7421,0.099,
Kepler-23,15.274299,0.124,
Kepler-235,3.340222,0.037,
Kepler-235,7.824904,0.065,
Kepler-235,20.060548,0.122,
Kepler-235,46.183669,0.213,
Kepler-238,2.090876,0.034,
Kepler-238,6.155557,0.069,
Kepler-238,13.233549,0.115,
Kepler-238,23.654,,
Kepler-238,50.447,,
Kepler-24,8.1453,0.08,
Kepler-24,12.3335,0.106,
Kepler-24,4.244384,0.051,
Kepler-24,18.998355,0.138,
Kepler-244,4.311792,0.05,
Kepler-244,9.767292,0.087,
Kepler-244,20.050401,0.14,
Kepler-245,7.49019,0.071,
Kepler-245,17.460812,0.124,
Kepler-245,36.277108,0.202,
Kepler-245,3.21982106,,
Kepler-247,3.33616,0.042,
Kepler-247,9.439452,0.084,
Kepler-247,20.477912,0.14,
Kepler-249,3.306539,0.035,
Kepler-249,7.113702,0.058,
Kepler-249,15.368459,0.097,
Kepler-25,6.238297,,0.0029
Kepler-25,12.7207,,0.0061
Kepler-25,122.4,,0.13
Kepler-250,4.148141,0.048,
Kepler-250,7.156804,0.069,
Kepler-250,17.648312,0.127,
Kepler-251,4.790936,0.053,
Kepler-251,16.514043,0.122,
Kepler-251,30.133001,0.182,
Kepler-251,99.640161,0.404,
Kepler-253,3.783986,0.046,
Kepler-253,10.281951,0.089,
Kepler-253,18.119869,0.13,
Kepler-254,5.826662,0.064,
Kepler-254,12.412183,0.105,
Kepler-254,18.746477,0.139,
Kepler-255,5.714606,0.063,
Kepler-255,9.946047,0.092,
Kepler-255,1.04562266,,
Kepler-256,1.620493,0.027,
Kepler-256,3.38802,0.045,
Kepler-256,5.839172,0.064,
Kepler-256,10.681572,0.096,
Kepler-257,2.382667,0.034,
Kepler-257,6.581484,0.066,
Kepler-257,24.664551,0.16,
Kepler-26,12.28,,
Kepler-26,17.2559,,
Kepler-26,3.543919,0.039,
Kepler-26,46.827915,0.22,
Kepler-265,6.846262,0.069,
Kepler-265,17.028937,0.127,
Kepler-265,43.130617,0.236,
Kepler-265,67.831024,0.319,
Kepler-267,3.353728,0.037,
Kepler-267,6.87745,0.06,
Kepler-267,28.464515,0.154,
Kepler-27,15.3348,0.118,
Kepler-27,31.3309,0.191,
Kepler-27,6.54628992,,
Kepler-271,10.43547805,,
Kepler-271,7.41086267,,
Kepler-271,5.24972541,,
Kepler-272,2.971353,0.038,
Kepler-272,6.057342,0.061,
Kepler-272,10.937304,0.091,
Kepler-275,10.300682,0.098,
Kepler-275,16.088134,0.132,
Kepler-275,35.676062,0.224,
Kepler-276,14.12841,0.119,
Kepler-276,31.884,,
Kepler-276,48.648,,
Kepler-279,12.309681,0.112,
Kepler-279,35.736,,
Kepler-279,54.414,,
Kepler-281,14.646008,0.117,
Kepler-281,36.337373,0.215,
Kepler-281,148.2720032,,
Kepler-282,9.220524,0.082,
Kepler-282,13.638723,0.106,
Kepler-282,24.806,,
Kepler-282,44.347,,
Kepler-286,1.796302,0.027,
Kepler-286,3.468095,0.042,
Kepler-286,5.914323,0.061,
Kepler-286,29.221289,0.176,
Kepler-288,6.097326,0.065,
Kepler-288,19.305772,0.14,
Kepler-288,56.633742,0.287,
Kepler-289,34.545,0.21,
Kepler-289,125.8518,0.51,
Kepler-289,66.0634,0.33,
Kepler-290,14.589347,0.11,
Kepler-290,36.77031,0.205,
Kepler-292,2.580827,0.035,
Kepler-292,3.715335,0.045,
Kepler-292,7.055679,0.068,
Kepler-292,11.97901,0.097,
Kepler-292,20.834237,0.141,
Kepler-295,12.645164,0.099,
Kepler-295,21.526258,0.142,
Kepler-295,33.884054,0.192,
Kepler-296,10.864384,0.079,0.33
Kepler-296,5.8416366,0.0521,0.33
Kepler-296,19.850291,0.118,0.33
Kepler-296,34.14211,0.169,0.33
Kepler-296,63.33627,0.255,0.33
Kepler-297,38.871826,0.217,
Kepler-297,74.920137,0.336,
Kepler-298,10.475464,0.08,
Kepler-298,22.92881,0.136,
Kepler-298,77.473633,0.305,
Kepler-299,2.927128,0.04,
Kepler-299,6.885875,0.07,
Kepler-299,15.054786,0.118,
Kepler-299,38.285489,0.22,
Kepler-30,29.33434,0.18,0.042
Kepler-30,60.323105,0.3,0.0111
Kepler-30,143.34394,0.5,0.022
Kepler-301,2.508553,0.036,
Kepler-301,5.419026,0.06,
Kepler-301,13.751243,0.112,
Kepler-304,3.295709,0.039,
Kepler-304,5.315946,0.054,
Kepler-304,9.653471,0.08,
Kepler-304,1.49914695,,
Kepler-305,5.487,,
Kepler-305,8.291,,
Kepler-305,16.738661,0.121,
Kepler-305,3.20538,,
Kepler-306,4.646186,0.05,
Kepler-306,7.240193,0.067,
Kepler-306,17.326644,0.12,
Kepler-306,44.840975,0.227,
Kepler-31,20.8613,0.16,
Kepler-31,42.6318,0.26,
Kepler-31,87.6451,0.4,
Kepler-310,13.930698,0.111,
Kepler-310,56.47542,0.281,
Kepler-310,92.876125,0.392,
Kepler-311,9.176092,0.087,
Kepler-311,19.738286,0.145,
Kepler-319,4.362705,0.051,
Kepler-319,6.941357,0.069,
Kepler-319,31.781925,0.191,
Kepler-32,5.90124,0.05,
Kepler-32,8.7522,0.09,
Kepler-32,22.7802,0.13,
Kepler-32,2.896,0.033,
Kepler-32,0.74296,0.013,
Kepler-324,4.385315,0.05,
Kepler-324,51.805612,0.26,
Kepler-324,13.97939968,,
Kepler-325,4.544439,0.053,
Kepler-325,12.762172,0.105,
Kepler-325,38.715185,0.22,
Kepler-326,2.248329,0.032,
Kepler-326,4.580358,0.051,
Kepler-326,6.766888,0.066,
Kepler-327,2.549575,0.029,
Kepler-327,5.212333,0.047,
Kepler-327,13.969457,0.09,
Kepler-33,5.66793,0.0677,0
Kepler-33,13.17562,0.1189,0
Kepler-33,21.77596,0.1662,0
Kepler-33,31.7844,0.2138,0
Kepler-33,41.02902,0.2535,0
Kepler-331,8.457496,0.065,
Kepler-331,17.28111,0.105,
Kepler-331,32.134328,0.159,
Kepler-332,7.626324,0.07,
Kepler-332,15.995622,0.114,
Kepler-332,34.21154,0.189,
Kepler-334,5.470319,0.061,
Kepler-334,12.758005,0.107,
Kepler-334,25.09849,0.168,
Kepler-336,2.024823,0.033,
Kepler-336,9.600001,0.092,
Kepler-336,20.678772,0.154,
Kepler-338,13.726976,0.117,
Kepler-338,24.310856,0.172,
Kepler-338,44.431014,0.257,
Kepler-338,9.341,,
Kepler-339,4.977656,0.055,
Kepler-339,6.988055,0.069,
Kepler-339,10.558345,0.091,
Kepler-341,5.195528,0.06,
Kepler-341,8.01041,0.08,
Kepler-341,27.666313,0.182,
Kepler-341,42.473269,0.242,
Kepler-342,15.170318,0.128,
Kepler-342,26.234138,0.185,
Kepler-342,39.459357,0.242,
Kepler-342,1.64422461,,
Kepler-347,12.79836,0.11,
Kepler-347,27.320871,0.183,
Kepler-350,11.189562,0.104,
Kepler-350,17.849,,
Kepler-350,26.136,,
Kepler-351,37.054919,0.214,
Kepler-351,57.24809,0.287,
Kepler-351,142.544247,,
Kepler-352,10.05537,0.085,
Kepler-352,16.332995,0.118,
Kepler-352,6.88727999,,
Kepler-354,5.47666,0.054,
Kepler-354,16.934402,0.115,
Kepler-354,24.209842,0.146,
Kepler-357,6.475434,0.063,
Kepler-357,16.85837,0.12,
Kepler-357,49.499875,0.246,
Kepler-359,25.563222,0.178,
Kepler-359,57.68802,0.307,
Kepler-359,77.095691,0.372,
Kepler-363,3.614568,0.048,
Kepler-363,7.542427,0.079,
Kepler-363,11.932125,0.107,
Kepler-37,13.36702,0.1019,0.098
Kepler-37,21.301848,0.139,0.099
Kepler-37,39.7922622,0.2109,0.1
Kepler-37,51.196,,
Kepler-372,6.849692,0.075,
Kepler-372,20.053763,0.154,
Kepler-372,30.092568,0.201,
Kepler-374,1.897806,0.029,
Kepler-374,3.282807,0.042,
Kepler-374,5.028219,0.056,
Kepler-381,5.629021,0.066,
Kepler-381,13.391635,0.117,
Kepler-381,8.25629997,,
Kepler-385,10.043686,0.097,
Kepler-385,15.163161,0.127,
Kepler-385,56.4159,,
Kepler-394,8.005013,0.083,
Kepler-394,12.130686,0.11,
Kepler-394,5.61358023,,
Kepler-398,4.081423,0.044,
Kepler-398,11.419412,0.087,
Kepler-398,6.83437001,,
Kepler-399,14.425281,0.103,
Kepler-399,26.67569,0.155,
Kepler-399,58.034616,0.261,
Kepler-401,14.383035,0.122,
Kepler-401,47.318218,0.269,
Kepler-401,184.256405,,
Kepler-402,4.028751,0.051,
Kepler-402,6.124821,0.068,
Kepler-402,8.921099,0.087,
Kepler-402,11.242861,0.102,
Kepler-403,7.031462,0.076,
Kepler-403,54.280749,0.297,
Kepler-403,13.61159129,,
Kepler-411,3.005156,0.0375,0.146
Kepler-411,7.834435,0.0739,0.108
Kepler-411,58.02035,0.279,0.128
Kepler-411,31.509728,0.186,0.016
Kepler-416,6.319,,
Kepler-416,12.209,,
Kepler-42,1.2137672,0.0116,
Kepler-42,0.45328509,0.006,
Kepler-42,1.865169,0.0154,
Kepler-431,6.803,0.0719,
Kepler-431,8.703,0.0847,
Kepler-431,11.922,0.1045,
Kepler-444,3.6001053,0.04178,0.16
Kepler-444,4.5458841,0.04881,0.31
Kepler-444,6.189392,0.06,0.18
Kepler-444,7.743493,0.0696,0.1
Kepler-444,9.740486,0.0811,0.29
Kepler-445,2.984151,,0
Kepler-445,4.871229,,0
Kepler-445,8.15275,,0
Kepler-446,1.565409,,0
Kepler-446,3.036179,,0
Kepler-446,5.148921,,0
Kepler-450,28.454851,,0.02
Kepler-450,15.413135,,0.02
Kepler-450,7.51464,,0.14
2MASS J19383260+4603591,1460,,0.29
2MASS J19383260+4603591,43,,0
Kepler-454,10.5737534,0.09528,0.32
Kepler-454,524.19,1.287,0.0053
Kepler-454,4073,5.1,0.089
KOI-7892,10.6906004,,
Kepler-46,33.60134,0.1968,0.01
Kepler-46,57.011,0.2799,0.0146
Kepler-46,6.766589,0.067,
Kepler-47,49.4643,0.2877,0.021
Kepler-47,303.227,0.9638,0.044
Kepler-47,187.366,0.6992,0.024
Kepler-48,4.778,,
Kepler-48,9.67395,,
Kepler-48,42.8961,,
Kepler-48,982,,
Kepler-487,15.3587684,,
Kepler-487,38.6519976,,
Kepler-487,2.41839004,,
Kepler-49,7.2037945,,
Kepler-49,10.9129343,,
Kepler-49,2.576549,0.031,
Kepler-49,18.596108,0.116,
Kepler-51,45.154,0.2514,0.04
Kepler-51,85.312,0.384,0.014
Kepler-51,130.194,0.509,0.008
Kepler-52,7.8773565,,
Kepler-52,16.3850021,,
Kepler-52,36.445171,0.182,
Kepler-529,1.98035766,,
Kepler-529,12.8345022,,
Kepler-529,35.86619949,,
Kepler-53,18.6489525,,
Kepler-53,38.5583038,,
Kepler-53,9.751962,0.091,
Kepler-54,8.0109434,,
Kepler-54,12.0717249,,
Kepler-54,20.995694,0.126,
Kepler-549,42.9495649,,
Kepler-549,117.040498,,
Kepler-55,27.9481449,,
Kepler-55,42.1516418,,
Kepler-55,2.211099,0.029,
Kepler-55,4.617534,0.048,
Kepler-55,10.198545,0.081,
Kepler-56,10.5016,0.1028,
Kepler-56,21.40239,0.1652,
Kepler-56,1002,2.16,0.2
Kepler-58,10.2184954,,
Kepler-58,15.5741568,,
Kepler-58,40.101371,0.236,
Kepler-60,7.1334,,
Kepler-60,8.9187,,
Kepler-60,11.8981,,
Kepler-603,21.05358596,,
Kepler-603,127.9075774,,
Kepler-603,6.2171292,,
Kepler-616,9.99761851,,
Kepler-616,90.4113556,,
Kepler-616,51.06740189,,
Kepler-619,5.4042722,,
Kepler-619,1.20846503,,
Kepler-62,5.714932,0.0553,
Kepler-62,12.4417,0.0929,
Kepler-62,18.16406,0.12,
Kepler-62,122.3874,0.427,
Kepler-62,267.291,0.718,
Kepler-65,2.15491,0.035,
Kepler-65,5.859944,0.068,
Kepler-65,8.13123,0.084,
Kepler-65,258.8,,0.283
Kepler-68,5.39875259,0.06135,0.09
Kepler-68,9.605027,0.09008,0.099
Kepler-68,632.62,1.469,0.102
Kepler-68,3455,4.6,0.33
Kepler-758,12.1097104,,
Kepler-758,4.75793986,,
Kepler-758,20.4966197,,
Kepler-758,8.1934719,,
Kepler-763,1.19655156,,
Kepler-770,18.92540274,,
Kepler-770,1.47532231,,
Kepler-770,4.15244722,,
Kepler-79,13.4845,0.117,0.015
Kepler-79,27.4029,0.187,0.03
Kepler-79,52.0902,0.287,0.025
Kepler-79,81.0659,0.386,0.012
Kepler-80,7.05246,0.0648,
Kepler-80,9.52355,0.0792,
Kepler-80,3.07222,0.0372,
Kepler-80,4.64489,0.0491,
Kepler-80,0.9867873,0.0175,
Kepler-80,14.64558,,
Kepler-81,5.955,,
Kepler-81,12.04,,
Kepler-81,20.837846,0.128,
Kepler-82,26.44,0.1683,0.0033
Kepler-82,51.54,0.2626,0.007
Kepler-82,2.382961,0.034,
Kepler-82,5.902206,0.063,
Kepler-82,75.732,0.3395,0.0014
Kepler-83,9.77,,
Kepler-83,20.09,,
Kepler-83,5.169796,0.051,
Kepler-84,8.726,,
Kepler-84,12.883,,
Kepler-84,4.224537,0.052,
Kepler-84,27.434389,0.181,
Kepler-84,44.552169,0.25,
Kepler-85,8.306,,
Kepler-85,12.513,,
Kepler-85,17.91323,0.13,
Kepler-85,25.216751,0.163,
KOI-142,1403,,0.41
Kepler-9,19.23891,0.143,0.0609
Kepler-9,38.9853,0.227,0.06691
Kepler-9,1.592851,0.0273,
KOI-351,14.44912,,
Kepler-92,13.749,,
Kepler-92,26.723,,
Kepler-92,49.3568,,0.07
Kepler-968,3.69298373,,
Kepler-968,5.70940492,,
L 98-59,2.2531136,0.02191,0.103
L 98-59,3.6906745,,0
L 98-59,7.450729,,0
L 98-59,12.796,0.0717,0.128
LP 791-18,0.9479981,0.00978,
LP 791-18,4.9899093,0.02961,0.00008
LP 791-18,2.753436,0.01992,0.0015
PSR B1257+12,25.262,0.19,0
PSR B1257+12,66.5419,0.36,0.0186
PSR B1257+12,98.2114,0.46,
TOI-1136,4.17278,,0.031
TOI-1136,6.25725,,0.117
TOI-1136,12.51937,,0.016
TOI-1136,18.7992,,0.057
TOI-1136,26.3162,,0.012
TOI-1136,39.5387,,0.036
TOI-1246,4.30744,0.049,
TOI-1246,5.904144,0.061,
TOI-1246,18.6559,0.131,
TOI-1246,37.9216,0.211,
TOI-125,4.65382,0.05186,0.194
TOI-125,9.15059,0.0814,0.066
TOI-125,19.98,0.137,0.168
TOI-1260,3.127463,0.0367,0
TOI-1260,7.493134,0.0657,0
TOI-1260,16.608164,0.1116,0
TOI-1749,2.38839,0.0291,0.14
TOI-1749,4.4929,0.0443,0.019
TOI-1749,9.0497,0.0707,0.062
TOI-178,1.914558,0.02607,
TOI-178,3.23845,0.037,
TOI-178,6.5577,0.0592,
TOI-178,9.961881,0.0783,
TOI-178,15.231915,0.1039,
TOI-178,20.7095,0.1275,
TOI-2076,10.35509,0.0682,
TOI-2076,21.01538,0.1093,
TOI-2076,35.12537,0.1539,
TOI-270,3.3601538,0.03197,0.034
TOI-270,5.6605731,0.04526,0.027
TOI-270,11.379573,0.0721,0.032
TOI-4010,1.348335,0.0229,0.03
TOI-4010,5.414654,0.058,0.03
TOI-4010,14.70886,0.113,0.07
TOI-4010,762,1.57,0.26
HD 22946,4.040295,0.05727,
HD 22946,9.573083,0.1017,
TOI-431,0.490047,0.0113,0
TOI-431,4.8494,0.052,0
TOI-431,12.46103,0.098,0
TOI-451,1.858703,0.0283,0
TOI-451,9.192522,0.0823,0
TOI-451,16.364988,0.1208,0
TOI-500,0.548177,0.01189,0.063
TOI-500,6.6356,,0.072
TOI-500,26.233,,0.016
TOI-500,61.3,,0.073
TOI-561,0.4465688,0.0106,0
TOI-561,10.778831,0.0884,0.03
TOI-561,25.7124,0.158,0.122
TOI-561,77.03,0.328,0.079
TOI-700,9.977219,0.0677,0.075
TOI-700,16.051137,0.0929,0.068
TOI-700,37.42396,0.1633,0.042
TOI-700,27.80978,0.134,0.059
TOI-712,9.531361,0.07928,0.54
TOI-712,51.69906,0.2447,0.089
TOI-712,84.8396,0.3405,0.073
TRAPPIST-1,1.510826,0.01154,
TRAPPIST-1,2.421937,0.0158,
TRAPPIST-1,4.049219,0.02227,
TRAPPIST-1,6.101013,0.02925,
TRAPPIST-1,9.20754,0.03849,
TRAPPIST-1,12.352446,0.04683,
TRAPPIST-1,18.772866,0.06189,
V1298 Tau,24.1396,0.1688,0.29
V1298 Tau,8.24958,0.0825,0.43
V1298 Tau,12.4032,0.1083,0.21
V1298 Tau,60,0.308,0.57
WASP-47,4.1591492,,
WASP-47,588.8,,0.295
WASP-47,9.03055,,0.01
WASP-47,0.7895933,,
Wolf 1061,4.8869,0.0375,0.15
Wolf 1061,17.8719,0.089,0.11
Wolf 1061,217.21,0.47,0.55
XO-2 N,2.61586178,0.0368,
XO-2 S,18.157,0.13,0.18
XO-2 S,120.8,0.4756,0.1528
YZ Cet,2.02087,0.01634,0.06
YZ Cet,3.05989,0.02156,0
YZ Cet,4.65626,0.02851,0.07
HD 39091,6.26791,0.069,0.077
HD 39091,124.64,,0.22
rho CrB,39.8438,0.2245,0.038
rho CrB,102.19,0.4206,0.096
rho CrB,282.2,0.827,0
rho CrB,12.949,0.1061,0.126
tau Cet,162.87,0.538,0.18
tau Cet,636.13,1.334,0.16
tau Cet,20,0.133,0.06
tau Cet,49.41,0.243,0.23
ups And,4.617033,0.059222,0.0215
ups And,241.258,0.827774,0.2596
ups And,1276.46,2.51329,0.2987